K_values,Recall_Scores
1,0.9876047139186005
3,0.9797768452534715
5,0.9733109425672903
7,0.9677255053075745
9,0.9624565019750788
11,0.957710252365932
